Changes made at Sat Aug  9 05:58:18 UTC 2025
Changes made at Sat Aug  9 06:00:13 UTC 2025
Changes made at Sat Aug  9 06:01:25 UTC 2025
Changes made at Sat Aug  9 06:10:34 UTC 2025
Changes made at Sat Aug  9 08:14:07 UTC 2025
Changes made at Sat Aug  9 08:15:15 UTC 2025
Changes made at Sat Aug  9 10:11:03 UTC 2025
Changes made at Sat Aug  9 14:10:13 UTC 2025
Changes made at Sat Aug  9 16:12:55 UTC 2025
Changes made at Sun Aug 10 08:14:16 UTC 2025
Changes made at Sun Aug 10 10:11:42 UTC 2025
Changes made at Sun Aug 10 14:10:09 UTC 2025
Changes made at Sun Aug 10 16:13:05 UTC 2025
Changes made at Mon Aug 11 08:18:02 UTC 2025
Changes made at Mon Aug 11 10:13:28 UTC 2025
Changes made at Mon Aug 11 14:14:02 UTC 2025
Changes made at Mon Aug 11 16:14:48 UTC 2025
Changes made at Tue Aug 12 08:16:11 UTC 2025
Changes made at Tue Aug 12 10:12:54 UTC 2025
Changes made at Tue Aug 12 14:12:10 UTC 2025
Changes made at Tue Aug 12 16:14:22 UTC 2025
Changes made at Wed Aug 13 08:15:53 UTC 2025
Changes made at Wed Aug 13 10:12:40 UTC 2025
Changes made at Wed Aug 13 14:12:39 UTC 2025
Changes made at Wed Aug 13 16:11:15 UTC 2025
Changes made at Thu Aug 14 08:16:19 UTC 2025
Changes made at Thu Aug 14 10:12:55 UTC 2025
Changes made at Thu Aug 14 14:11:48 UTC 2025
Changes made at Thu Aug 14 16:14:54 UTC 2025
Changes made at Fri Aug 15 08:15:49 UTC 2025
Changes made at Fri Aug 15 10:12:10 UTC 2025
Changes made at Fri Aug 15 14:11:20 UTC 2025
Changes made at Fri Aug 15 16:13:34 UTC 2025
Changes made at Sat Aug 16 08:13:58 UTC 2025
Changes made at Sat Aug 16 10:10:37 UTC 2025
Changes made at Sat Aug 16 14:09:18 UTC 2025
Changes made at Sat Aug 16 16:12:01 UTC 2025
Changes made at Sun Aug 17 07:54:27 UTC 2025
Changes made at Sun Aug 17 07:58:04 UTC 2025
Changes made at Sun Aug 17 08:08:37 UTC 2025
Changes made at Sun Aug 17 08:14:27 UTC 2025
Changes made at Sun Aug 17 08:16:29 UTC 2025
Changes made at Sun Aug 17 08:17:10 UTC 2025
Changes made at Sun Aug 17 10:11:08 UTC 2025
Changes made at Sun Aug 17 11:01:42 UTC 2025
Changes made at Sun Aug 17 11:04:32 UTC 2025
Changes made at Sun Aug 17 13:45:25 UTC 2025
Changes made at Sun Aug 17 14:43:08 UTC 2025
Changes made at Sun Aug 17 18:52:33 UTC 2025
Changes made at Mon Aug 18 04:53:45 UTC 2025
Changes made at Mon Aug 18 13:56:47 UTC 2025
Changes made at Mon Aug 18 14:51:54 UTC 2025
Changes made at Mon Aug 18 18:57:42 UTC 2025
Changes made at Tue Aug 19 03:58:32 UTC 2025
Changes made at Tue Aug 19 13:48:59 UTC 2025
Changes made at Tue Aug 19 14:47:28 UTC 2025
Changes made at Tue Aug 19 18:52:49 UTC 2025
Changes made at Wed Aug 20 03:57:19 UTC 2025
Changes made at Wed Aug 20 13:49:30 UTC 2025
Changes made at Wed Aug 20 14:47:34 UTC 2025
Changes made at Wed Aug 20 18:55:58 UTC 2025
Changes made at Thu Aug 21 03:56:47 UTC 2025
Changes made at Thu Aug 21 13:48:55 UTC 2025
Changes made at Thu Aug 21 14:47:28 UTC 2025
Changes made at Thu Aug 21 18:52:10 UTC 2025
Changes made at Fri Aug 22 03:57:01 UTC 2025
Changes made at Fri Aug 22 13:46:39 UTC 2025
Changes made at Fri Aug 22 14:44:36 UTC 2025
Changes made at Fri Aug 22 18:53:00 UTC 2025
Changes made at Sat Aug 23 03:53:00 UTC 2025
Changes made at Sat Aug 23 13:40:13 UTC 2025
Changes made at Sat Aug 23 14:40:39 UTC 2025
Changes made at Sat Aug 23 18:49:07 UTC 2025
Changes made at Sun Aug 24 04:38:13 UTC 2025
Changes made at Sun Aug 24 13:42:42 UTC 2025
Changes made at Sun Aug 24 14:39:02 UTC 2025
Changes made at Sun Aug 24 18:52:56 UTC 2025
Changes made at Mon Aug 25 04:03:55 UTC 2025
Changes made at Mon Aug 25 13:49:10 UTC 2025
Changes made at Mon Aug 25 14:47:20 UTC 2025
Changes made at Mon Aug 25 18:54:48 UTC 2025
Changes made at Tue Aug 26 03:58:54 UTC 2025
Changes made at Tue Aug 26 13:49:32 UTC 2025
Changes made at Tue Aug 26 14:45:32 UTC 2025
Changes made at Tue Aug 26 18:51:08 UTC 2025
Changes made at Wed Aug 27 03:51:57 UTC 2025
Changes made at Wed Aug 27 13:46:11 UTC 2025
Changes made at Wed Aug 27 14:44:53 UTC 2025
Changes made at Wed Aug 27 18:48:58 UTC 2025
Changes made at Thu Aug 28 03:52:19 UTC 2025
Changes made at Thu Aug 28 13:46:42 UTC 2025
Changes made at Thu Aug 28 14:46:11 UTC 2025
Changes made at Thu Aug 28 18:51:33 UTC 2025
Changes made at Fri Aug 29 03:51:37 UTC 2025
Changes made at Fri Aug 29 13:44:08 UTC 2025
Changes made at Fri Aug 29 14:42:35 UTC 2025
Changes made at Fri Aug 29 18:47:18 UTC 2025
Changes made at Sat Aug 30 03:47:53 UTC 2025
Changes made at Sat Aug 30 13:35:31 UTC 2025
Changes made at Sat Aug 30 14:32:50 UTC 2025
Changes made at Sat Aug 30 18:45:53 UTC 2025
Changes made at Sun Aug 31 03:53:34 UTC 2025
Changes made at Sun Aug 31 13:37:38 UTC 2025
Changes made at Sun Aug 31 14:34:06 UTC 2025
Changes made at Sun Aug 31 18:46:36 UTC 2025
Changes made at Mon Sep  1 04:41:05 UTC 2025
Changes made at Mon Sep  1 13:46:30 UTC 2025
Changes made at Mon Sep  1 14:42:45 UTC 2025
Changes made at Mon Sep  1 18:48:16 UTC 2025
Changes made at Tue Sep  2 03:55:40 UTC 2025
Changes made at Tue Sep  2 13:47:31 UTC 2025
Changes made at Tue Sep  2 14:47:10 UTC 2025
Changes made at Tue Sep  2 18:47:46 UTC 2025
Changes made at Wed Sep  3 03:45:57 UTC 2025
Changes made at Wed Sep  3 13:44:06 UTC 2025
Changes made at Wed Sep  3 14:42:53 UTC 2025
Changes made at Wed Sep  3 18:45:40 UTC 2025
Changes made at Thu Sep  4 03:47:01 UTC 2025
Changes made at Thu Sep  4 13:43:36 UTC 2025
Changes made at Thu Sep  4 14:42:52 UTC 2025
Changes made at Thu Sep  4 18:48:54 UTC 2025
Changes made at Fri Sep  5 03:49:19 UTC 2025
Changes made at Fri Sep  5 13:43:09 UTC 2025
Changes made at Fri Sep  5 14:39:59 UTC 2025
Changes made at Fri Sep  5 18:46:37 UTC 2025
Changes made at Sat Sep  6 03:44:37 UTC 2025
Changes made at Sat Sep  6 13:31:21 UTC 2025
Changes made at Sat Sep  6 14:30:55 UTC 2025
Changes made at Sat Sep  6 18:43:19 UTC 2025
Changes made at Sun Sep  7 03:50:04 UTC 2025
Changes made at Sun Sep  7 13:32:21 UTC 2025
Changes made at Sun Sep  7 14:31:07 UTC 2025
Changes made at Sun Sep  7 18:43:49 UTC 2025
Changes made at Mon Sep  8 03:55:04 UTC 2025
Changes made at Mon Sep  8 13:47:43 UTC 2025
Changes made at Mon Sep  8 14:46:41 UTC 2025
Changes made at Mon Sep  8 18:49:04 UTC 2025
Changes made at Tue Sep  9 03:50:40 UTC 2025
Changes made at Tue Sep  9 13:50:15 UTC 2025
Changes made at Tue Sep  9 14:44:44 UTC 2025
Changes made at Tue Sep  9 18:46:06 UTC 2025
Changes made at Wed Sep 10 03:46:42 UTC 2025
Changes made at Wed Sep 10 13:42:29 UTC 2025
Changes made at Wed Sep 10 14:40:17 UTC 2025
Changes made at Wed Sep 10 18:49:25 UTC 2025
Changes made at Thu Sep 11 03:50:23 UTC 2025
Changes made at Thu Sep 11 13:38:53 UTC 2025
Changes made at Thu Sep 11 14:40:24 UTC 2025
Changes made at Thu Sep 11 18:47:13 UTC 2025
Changes made at Fri Sep 12 03:45:31 UTC 2025
Changes made at Fri Sep 12 13:41:51 UTC 2025
Changes made at Fri Sep 12 14:39:54 UTC 2025
Changes made at Fri Sep 12 18:44:25 UTC 2025
Changes made at Sat Sep 13 03:38:10 UTC 2025
Changes made at Sat Sep 13 13:36:07 UTC 2025
Changes made at Sat Sep 13 14:31:24 UTC 2025
Changes made at Sat Sep 13 18:41:27 UTC 2025
Changes made at Sun Sep 14 03:49:11 UTC 2025
Changes made at Sun Sep 14 13:30:47 UTC 2025
Changes made at Sun Sep 14 14:30:42 UTC 2025
Changes made at Sun Sep 14 18:42:13 UTC 2025
Changes made at Mon Sep 15 03:55:54 UTC 2025
Changes made at Mon Sep 15 13:42:40 UTC 2025
Changes made at Mon Sep 15 14:39:32 UTC 2025
Changes made at Mon Sep 15 18:49:58 UTC 2025
Changes made at Tue Sep 16 03:47:14 UTC 2025
Changes made at Tue Sep 16 13:46:24 UTC 2025
Changes made at Tue Sep 16 14:33:28 UTC 2025
Changes made at Tue Sep 16 18:39:49 UTC 2025
Changes made at Wed Sep 17 03:38:37 UTC 2025
Changes made at Wed Sep 17 13:36:32 UTC 2025
Changes made at Wed Sep 17 14:32:30 UTC 2025
Changes made at Wed Sep 17 18:40:00 UTC 2025
Changes made at Thu Sep 18 03:41:24 UTC 2025
Changes made at Thu Sep 18 13:36:25 UTC 2025
Changes made at Thu Sep 18 14:32:36 UTC 2025
Changes made at Thu Sep 18 18:41:31 UTC 2025
Changes made at Fri Sep 19 03:42:19 UTC 2025
Changes made at Fri Sep 19 13:36:44 UTC 2025
Changes made at Fri Sep 19 14:32:42 UTC 2025
Changes made at Fri Sep 19 18:38:37 UTC 2025
Changes made at Sat Sep 20 03:38:03 UTC 2025
Changes made at Sat Sep 20 13:30:23 UTC 2025
Changes made at Sat Sep 20 14:28:37 UTC 2025
Changes made at Sat Sep 20 18:34:16 UTC 2025
Changes made at Sun Sep 21 03:44:54 UTC 2025
Changes made at Sun Sep 21 13:29:52 UTC 2025
Changes made at Sun Sep 21 14:28:16 UTC 2025
Changes made at Sun Sep 21 18:36:01 UTC 2025
Changes made at Mon Sep 22 03:45:32 UTC 2025
Changes made at Mon Sep 22 13:39:32 UTC 2025
Changes made at Mon Sep 22 14:34:17 UTC 2025
Changes made at Mon Sep 22 18:38:58 UTC 2025
Changes made at Tue Sep 23 03:39:43 UTC 2025
Changes made at Tue Sep 23 13:39:06 UTC 2025
Changes made at Tue Sep 23 14:33:47 UTC 2025
Changes made at Tue Sep 23 18:41:35 UTC 2025
Changes made at Wed Sep 24 03:42:08 UTC 2025
Changes made at Wed Sep 24 13:38:55 UTC 2025
Changes made at Wed Sep 24 14:32:10 UTC 2025
Changes made at Wed Sep 24 18:37:16 UTC 2025
Changes made at Thu Sep 25 03:43:08 UTC 2025
Changes made at Thu Sep 25 13:39:35 UTC 2025
Changes made at Thu Sep 25 14:34:57 UTC 2025
Changes made at Thu Sep 25 18:41:52 UTC 2025
Changes made at Fri Sep 26 03:41:03 UTC 2025
Changes made at Fri Sep 26 13:36:54 UTC 2025
Changes made at Fri Sep 26 14:31:08 UTC 2025
Changes made at Fri Sep 26 18:38:20 UTC 2025
Changes made at Sat Sep 27 03:37:25 UTC 2025
Changes made at Sat Sep 27 13:29:04 UTC 2025
Changes made at Sat Sep 27 14:28:06 UTC 2025
Changes made at Sat Sep 27 18:35:31 UTC 2025
Changes made at Sun Sep 28 03:44:51 UTC 2025
Changes made at Sun Sep 28 13:29:27 UTC 2025
Changes made at Sun Sep 28 14:26:49 UTC 2025
Changes made at Sun Sep 28 18:35:08 UTC 2025
Changes made at Mon Sep 29 03:44:14 UTC 2025
Changes made at Mon Sep 29 13:40:49 UTC 2025
Changes made at Mon Sep 29 14:34:08 UTC 2025
Changes made at Mon Sep 29 18:41:40 UTC 2025
Changes made at Tue Sep 30 03:41:35 UTC 2025
Changes made at Tue Sep 30 13:39:40 UTC 2025
Changes made at Tue Sep 30 14:31:21 UTC 2025
Changes made at Tue Sep 30 18:38:46 UTC 2025
Changes made at Wed Oct  1 03:48:53 UTC 2025
Changes made at Wed Oct  1 13:41:56 UTC 2025
Changes made at Wed Oct  1 14:34:25 UTC 2025
Changes made at Wed Oct  1 18:40:58 UTC 2025
Changes made at Thu Oct  2 03:38:47 UTC 2025
Changes made at Thu Oct  2 13:35:41 UTC 2025
Changes made at Thu Oct  2 14:32:47 UTC 2025
Changes made at Thu Oct  2 18:39:03 UTC 2025
Changes made at Fri Oct  3 03:38:40 UTC 2025
Changes made at Fri Oct  3 13:34:39 UTC 2025
Changes made at Fri Oct  3 14:31:42 UTC 2025
Changes made at Fri Oct  3 18:39:02 UTC 2025
Changes made at Sat Oct  4 03:33:58 UTC 2025
Changes made at Sat Oct  4 13:28:38 UTC 2025
Changes made at Sat Oct  4 14:27:36 UTC 2025
Changes made at Sat Oct  4 18:35:44 UTC 2025
Changes made at Sun Oct  5 03:42:01 UTC 2025
Changes made at Sun Oct  5 13:29:03 UTC 2025
Changes made at Sun Oct  5 14:27:56 UTC 2025
Changes made at Sun Oct  5 18:35:45 UTC 2025
Changes made at Mon Oct  6 03:42:32 UTC 2025
Changes made at Mon Oct  6 13:39:08 UTC 2025
Changes made at Mon Oct  6 14:33:32 UTC 2025
Changes made at Mon Oct  6 18:41:49 UTC 2025
Changes made at Tue Oct  7 03:41:05 UTC 2025
Changes made at Tue Oct  7 13:40:03 UTC 2025
Changes made at Tue Oct  7 14:34:56 UTC 2025
Changes made at Tue Oct  7 18:42:27 UTC 2025
Changes made at Wed Oct  8 03:40:33 UTC 2025
Changes made at Wed Oct  8 13:40:02 UTC 2025
Changes made at Wed Oct  8 14:35:05 UTC 2025
Changes made at Wed Oct  8 18:43:12 UTC 2025
Changes made at Thu Oct  9 03:42:05 UTC 2025
Changes made at Thu Oct  9 13:40:44 UTC 2025
Changes made at Thu Oct  9 14:34:15 UTC 2025
Changes made at Thu Oct  9 18:41:03 UTC 2025
Changes made at Fri Oct 10 03:41:44 UTC 2025
Changes made at Fri Oct 10 13:37:51 UTC 2025
Changes made at Fri Oct 10 14:33:11 UTC 2025
Changes made at Fri Oct 10 18:39:56 UTC 2025
Changes made at Sat Oct 11 03:36:19 UTC 2025
Changes made at Sat Oct 11 13:29:15 UTC 2025
Changes made at Sat Oct 11 14:27:11 UTC 2025
Changes made at Sat Oct 11 18:33:47 UTC 2025
Changes made at Sun Oct 12 03:41:51 UTC 2025
Changes made at Sun Oct 12 13:29:37 UTC 2025
Changes made at Sun Oct 12 14:28:41 UTC 2025
Changes made at Sun Oct 12 18:36:00 UTC 2025
Changes made at Mon Oct 13 03:48:45 UTC 2025
Changes made at Mon Oct 13 13:41:00 UTC 2025
Changes made at Mon Oct 13 14:34:15 UTC 2025
Changes made at Mon Oct 13 18:39:36 UTC 2025
Changes made at Tue Oct 14 03:42:18 UTC 2025
Changes made at Tue Oct 14 13:41:25 UTC 2025
Changes made at Tue Oct 14 14:34:54 UTC 2025
Changes made at Tue Oct 14 18:41:39 UTC 2025
Changes made at Wed Oct 15 03:43:42 UTC 2025
Changes made at Wed Oct 15 13:42:45 UTC 2025
Changes made at Wed Oct 15 14:35:56 UTC 2025
Changes made at Wed Oct 15 18:42:59 UTC 2025
Changes made at Thu Oct 16 03:44:29 UTC 2025
Changes made at Thu Oct 16 13:42:50 UTC 2025
Changes made at Thu Oct 16 14:34:43 UTC 2025
Changes made at Thu Oct 16 18:42:28 UTC 2025
Changes made at Fri Oct 17 03:42:40 UTC 2025
Changes made at Fri Oct 17 13:37:18 UTC 2025
Changes made at Fri Oct 17 14:33:26 UTC 2025
Changes made at Fri Oct 17 18:38:27 UTC 2025
Changes made at Sat Oct 18 03:38:21 UTC 2025
Changes made at Sat Oct 18 13:30:43 UTC 2025
Changes made at Sat Oct 18 14:28:52 UTC 2025
Changes made at Sat Oct 18 18:35:55 UTC 2025
Changes made at Sun Oct 19 03:52:14 UTC 2025
Changes made at Sun Oct 19 13:31:05 UTC 2025
Changes made at Sun Oct 19 14:28:59 UTC 2025
Changes made at Sun Oct 19 18:36:33 UTC 2025
Changes made at Mon Oct 20 03:54:45 UTC 2025
Changes made at Mon Oct 20 13:40:47 UTC 2025
Changes made at Mon Oct 20 14:33:55 UTC 2025
Changes made at Mon Oct 20 18:44:00 UTC 2025
Changes made at Tue Oct 21 03:44:29 UTC 2025
Changes made at Tue Oct 21 13:45:11 UTC 2025
Changes made at Tue Oct 21 14:31:48 UTC 2025
Changes made at Tue Oct 21 18:43:13 UTC 2025
Changes made at Wed Oct 22 03:50:03 UTC 2025
Changes made at Wed Oct 22 13:44:41 UTC 2025
Changes made at Wed Oct 22 14:37:41 UTC 2025
Changes made at Wed Oct 22 18:44:27 UTC 2025
Changes made at Thu Oct 23 03:43:34 UTC 2025
Changes made at Thu Oct 23 13:43:32 UTC 2025
Changes made at Thu Oct 23 14:35:31 UTC 2025
Changes made at Thu Oct 23 18:42:46 UTC 2025
Changes made at Fri Oct 24 03:42:28 UTC 2025
Changes made at Fri Oct 24 13:42:20 UTC 2025
Changes made at Fri Oct 24 14:35:33 UTC 2025
Changes made at Fri Oct 24 18:39:20 UTC 2025
Changes made at Sat Oct 25 03:43:23 UTC 2025
Changes made at Sat Oct 25 13:31:05 UTC 2025
Changes made at Sat Oct 25 14:29:19 UTC 2025
Changes made at Sat Oct 25 18:36:59 UTC 2025
Changes made at Sun Oct 26 03:47:30 UTC 2025
Changes made at Sun Oct 26 13:32:23 UTC 2025
Changes made at Sun Oct 26 14:29:35 UTC 2025
Changes made at Sun Oct 26 18:38:21 UTC 2025
Changes made at Mon Oct 27 03:58:17 UTC 2025
Changes made at Mon Oct 27 13:43:55 UTC 2025
Changes made at Mon Oct 27 14:35:02 UTC 2025
Changes made at Mon Oct 27 18:43:00 UTC 2025
Changes made at Tue Oct 28 03:47:16 UTC 2025
Changes made at Tue Oct 28 13:42:09 UTC 2025
Changes made at Tue Oct 28 14:35:32 UTC 2025
Changes made at Tue Oct 28 18:45:12 UTC 2025
Changes made at Wed Oct 29 03:54:24 UTC 2025
Changes made at Wed Oct 29 13:44:39 UTC 2025
Changes made at Wed Oct 29 14:36:01 UTC 2025
Changes made at Wed Oct 29 18:43:33 UTC 2025
Changes made at Thu Oct 30 03:49:12 UTC 2025
Changes made at Thu Oct 30 13:42:29 UTC 2025
Changes made at Thu Oct 30 14:36:16 UTC 2025
Changes made at Thu Oct 30 18:43:41 UTC 2025
Changes made at Fri Oct 31 03:49:53 UTC 2025
Changes made at Fri Oct 31 13:40:38 UTC 2025
Changes made at Fri Oct 31 14:34:42 UTC 2025
Changes made at Fri Oct 31 18:43:20 UTC 2025
Changes made at Sat Nov  1 03:48:53 UTC 2025
Changes made at Sat Nov  1 13:31:50 UTC 2025
Changes made at Sat Nov  1 14:29:42 UTC 2025
Changes made at Sat Nov  1 18:36:21 UTC 2025
Changes made at Sun Nov  2 03:52:23 UTC 2025
Changes made at Sun Nov  2 13:31:25 UTC 2025
Changes made at Sun Nov  2 14:29:00 UTC 2025
Changes made at Sun Nov  2 18:35:43 UTC 2025
Changes made at Mon Nov  3 03:57:02 UTC 2025
Changes made at Mon Nov  3 13:41:59 UTC 2025
Changes made at Mon Nov  3 14:35:40 UTC 2025
Changes made at Mon Nov  3 18:39:53 UTC 2025
Changes made at Tue Nov  4 03:48:27 UTC 2025
Changes made at Tue Nov  4 13:45:19 UTC 2025
Changes made at Tue Nov  4 14:35:53 UTC 2025
Changes made at Tue Nov  4 18:43:41 UTC 2025
Changes made at Wed Nov  5 03:50:25 UTC 2025
Changes made at Wed Nov  5 13:44:16 UTC 2025
Changes made at Wed Nov  5 14:35:15 UTC 2025
Changes made at Wed Nov  5 18:43:18 UTC 2025
Changes made at Thu Nov  6 03:53:59 UTC 2025
Changes made at Thu Nov  6 13:43:19 UTC 2025
Changes made at Thu Nov  6 14:34:58 UTC 2025
Changes made at Thu Nov  6 18:44:45 UTC 2025
Changes made at Fri Nov  7 03:50:03 UTC 2025
Changes made at Fri Nov  7 13:38:34 UTC 2025
Changes made at Fri Nov  7 14:34:01 UTC 2025
Changes made at Fri Nov  7 18:40:21 UTC 2025
Changes made at Sat Nov  8 03:43:19 UTC 2025
Changes made at Sat Nov  8 13:32:01 UTC 2025
Changes made at Sat Nov  8 14:29:56 UTC 2025
Changes made at Sat Nov  8 18:37:54 UTC 2025
Changes made at Sun Nov  9 03:50:30 UTC 2025
Changes made at Sun Nov  9 13:32:14 UTC 2025
Changes made at Sun Nov  9 14:28:44 UTC 2025
Changes made at Sun Nov  9 18:36:19 UTC 2025
Changes made at Mon Nov 10 03:56:38 UTC 2025
Changes made at Mon Nov 10 13:43:10 UTC 2025
Changes made at Mon Nov 10 14:34:48 UTC 2025
Changes made at Mon Nov 10 18:43:31 UTC 2025
Changes made at Tue Nov 11 03:52:35 UTC 2025
Changes made at Tue Nov 11 13:42:34 UTC 2025
Changes made at Tue Nov 11 14:35:19 UTC 2025
Changes made at Tue Nov 11 18:43:04 UTC 2025
Changes made at Wed Nov 12 03:50:55 UTC 2025
Changes made at Wed Nov 12 13:44:50 UTC 2025
Changes made at Wed Nov 12 14:35:47 UTC 2025
Changes made at Wed Nov 12 18:39:59 UTC 2025
Changes made at Thu Nov 13 03:54:01 UTC 2025
Changes made at Thu Nov 13 13:44:41 UTC 2025
Changes made at Thu Nov 13 14:32:32 UTC 2025
Changes made at Thu Nov 13 18:43:48 UTC 2025
Changes made at Fri Nov 14 03:52:05 UTC 2025
Changes made at Fri Nov 14 13:40:24 UTC 2025
Changes made at Fri Nov 14 14:33:25 UTC 2025
Changes made at Fri Nov 14 18:43:25 UTC 2025
Changes made at Sat Nov 15 03:46:03 UTC 2025
Changes made at Sat Nov 15 13:33:13 UTC 2025
Changes made at Sat Nov 15 14:30:00 UTC 2025
Changes made at Sat Nov 15 18:37:41 UTC 2025
Changes made at Sun Nov 16 03:55:32 UTC 2025
Changes made at Sun Nov 16 13:32:47 UTC 2025
Changes made at Sun Nov 16 14:30:01 UTC 2025
Changes made at Sun Nov 16 18:38:46 UTC 2025
Changes made at Mon Nov 17 03:55:23 UTC 2025
Changes made at Mon Nov 17 13:43:31 UTC 2025
Changes made at Mon Nov 17 14:35:06 UTC 2025
Changes made at Mon Nov 17 18:43:40 UTC 2025
Changes made at Tue Nov 18 03:51:15 UTC 2025
Changes made at Tue Nov 18 13:43:46 UTC 2025
Changes made at Tue Nov 18 14:35:01 UTC 2025
Changes made at Tue Nov 18 18:45:08 UTC 2025
Changes made at Wed Nov 19 03:50:48 UTC 2025
Changes made at Wed Nov 19 13:43:56 UTC 2025
Changes made at Wed Nov 19 14:35:13 UTC 2025
Changes made at Wed Nov 19 18:43:31 UTC 2025
Changes made at Thu Nov 20 03:49:30 UTC 2025
Changes made at Thu Nov 20 13:41:15 UTC 2025
Changes made at Thu Nov 20 14:34:23 UTC 2025
Changes made at Thu Nov 20 18:44:57 UTC 2025
Changes made at Fri Nov 21 03:49:30 UTC 2025
Changes made at Fri Nov 21 13:38:58 UTC 2025
Changes made at Fri Nov 21 14:33:31 UTC 2025
Changes made at Fri Nov 21 18:38:34 UTC 2025
Changes made at Sat Nov 22 03:43:55 UTC 2025
Changes made at Sat Nov 22 13:32:05 UTC 2025
Changes made at Sat Nov 22 14:29:57 UTC 2025
Changes made at Sat Nov 22 18:39:27 UTC 2025
Changes made at Sun Nov 23 04:03:36 UTC 2025
Changes made at Sun Nov 23 13:31:46 UTC 2025
Changes made at Sun Nov 23 14:30:05 UTC 2025
Changes made at Sun Nov 23 18:40:33 UTC 2025
Changes made at Mon Nov 24 04:03:42 UTC 2025
Changes made at Mon Nov 24 13:44:46 UTC 2025
Changes made at Mon Nov 24 14:36:21 UTC 2025
Changes made at Mon Nov 24 18:45:33 UTC 2025
Changes made at Tue Nov 25 03:54:43 UTC 2025
Changes made at Tue Nov 25 13:44:56 UTC 2025
Changes made at Tue Nov 25 14:36:57 UTC 2025
Changes made at Tue Nov 25 18:44:34 UTC 2025
Changes made at Wed Nov 26 03:54:20 UTC 2025
Changes made at Wed Nov 26 13:46:01 UTC 2025
Changes made at Wed Nov 26 14:36:37 UTC 2025
Changes made at Wed Nov 26 18:41:06 UTC 2025
Changes made at Thu Nov 27 03:51:02 UTC 2025
Changes made at Thu Nov 27 13:43:43 UTC 2025
Changes made at Thu Nov 27 14:35:01 UTC 2025
Changes made at Thu Nov 27 18:42:02 UTC 2025
Changes made at Fri Nov 28 03:51:04 UTC 2025
Changes made at Fri Nov 28 13:41:31 UTC 2025
Changes made at Fri Nov 28 14:34:01 UTC 2025
Changes made at Fri Nov 28 18:42:04 UTC 2025
Changes made at Sat Nov 29 03:50:38 UTC 2025
Changes made at Sat Nov 29 13:35:37 UTC 2025
Changes made at Sat Nov 29 14:31:29 UTC 2025
Changes made at Sat Nov 29 18:40:58 UTC 2025
Changes made at Sun Nov 30 04:04:05 UTC 2025
Changes made at Sun Nov 30 13:35:09 UTC 2025
Changes made at Sun Nov 30 14:31:21 UTC 2025
Changes made at Sun Nov 30 18:41:29 UTC 2025
Changes made at Mon Dec  1 04:18:23 UTC 2025
Changes made at Mon Dec  1 13:47:13 UTC 2025
Changes made at Mon Dec  1 14:39:13 UTC 2025
Changes made at Mon Dec  1 18:50:05 UTC 2025
Changes made at Tue Dec  2 03:58:49 UTC 2025
Changes made at Tue Dec  2 13:48:34 UTC 2025
Changes made at Tue Dec  2 14:40:32 UTC 2025
Changes made at Tue Dec  2 18:48:42 UTC 2025
Changes made at Wed Dec  3 03:57:49 UTC 2025
Changes made at Wed Dec  3 13:48:18 UTC 2025
Changes made at Wed Dec  3 14:39:01 UTC 2025
Changes made at Wed Dec  3 18:47:15 UTC 2025
Changes made at Thu Dec  4 03:58:57 UTC 2025
Changes made at Thu Dec  4 13:48:45 UTC 2025
Changes made at Thu Dec  4 14:38:52 UTC 2025
Changes made at Thu Dec  4 18:48:22 UTC 2025
Changes made at Fri Dec  5 03:57:47 UTC 2025
Changes made at Fri Dec  5 13:44:12 UTC 2025
Changes made at Fri Dec  5 14:35:54 UTC 2025
Changes made at Fri Dec  5 18:43:11 UTC 2025
Changes made at Sat Dec  6 03:48:19 UTC 2025
Changes made at Sat Dec  6 13:35:47 UTC 2025
Changes made at Sat Dec  6 14:31:07 UTC 2025
Changes made at Sat Dec  6 18:40:29 UTC 2025
Changes made at Sun Dec  7 04:03:43 UTC 2025
Changes made at Sun Dec  7 13:34:40 UTC 2025
Changes made at Sun Dec  7 14:31:10 UTC 2025
Changes made at Sun Dec  7 18:40:17 UTC 2025
Changes made at Mon Dec  8 04:02:44 UTC 2025
Changes made at Mon Dec  8 13:46:18 UTC 2025
Changes made at Mon Dec  8 14:39:17 UTC 2025
Changes made at Mon Dec  8 18:46:51 UTC 2025
Changes made at Tue Dec  9 03:57:19 UTC 2025
Changes made at Tue Dec  9 13:47:43 UTC 2025
Changes made at Tue Dec  9 14:40:53 UTC 2025
Changes made at Tue Dec  9 18:43:59 UTC 2025
Changes made at Wed Dec 10 04:02:11 UTC 2025
Changes made at Wed Dec 10 13:49:32 UTC 2025
Changes made at Wed Dec 10 14:41:30 UTC 2025
Changes made at Wed Dec 10 18:46:02 UTC 2025
Changes made at Thu Dec 11 04:04:15 UTC 2025
Changes made at Thu Dec 11 13:50:32 UTC 2025
Changes made at Thu Dec 11 14:35:53 UTC 2025
Changes made at Thu Dec 11 18:48:03 UTC 2025
Changes made at Fri Dec 12 04:04:00 UTC 2025
Changes made at Fri Dec 12 13:46:14 UTC 2025
Changes made at Fri Dec 12 14:32:08 UTC 2025
Changes made at Fri Dec 12 18:46:48 UTC 2025
Changes made at Sat Dec 13 03:54:49 UTC 2025
Changes made at Sat Dec 13 13:36:43 UTC 2025
Changes made at Sat Dec 13 14:32:06 UTC 2025
Changes made at Sat Dec 13 18:40:29 UTC 2025
Changes made at Sun Dec 14 04:06:55 UTC 2025
Changes made at Sun Dec 14 13:37:27 UTC 2025
Changes made at Sun Dec 14 14:32:13 UTC 2025
Changes made at Sun Dec 14 18:42:30 UTC 2025
Changes made at Mon Dec 15 04:11:21 UTC 2025
Changes made at Mon Dec 15 13:51:40 UTC 2025
Changes made at Mon Dec 15 14:44:57 UTC 2025
Changes made at Mon Dec 15 18:48:17 UTC 2025
Changes made at Tue Dec 16 04:04:24 UTC 2025
Changes made at Tue Dec 16 13:49:43 UTC 2025
Changes made at Tue Dec 16 14:43:22 UTC 2025
Changes made at Tue Dec 16 18:48:02 UTC 2025
Changes made at Wed Dec 17 04:01:35 UTC 2025
Changes made at Wed Dec 17 13:45:47 UTC 2025
Changes made at Wed Dec 17 14:41:32 UTC 2025
Changes made at Wed Dec 17 18:48:22 UTC 2025
Changes made at Thu Dec 18 04:02:29 UTC 2025
Changes made at Thu Dec 18 13:48:47 UTC 2025
Changes made at Thu Dec 18 14:39:51 UTC 2025
Changes made at Thu Dec 18 18:47:56 UTC 2025
Changes made at Fri Dec 19 04:04:03 UTC 2025
Changes made at Fri Dec 19 13:45:25 UTC 2025
Changes made at Fri Dec 19 14:36:25 UTC 2025
Changes made at Fri Dec 19 18:45:47 UTC 2025
Changes made at Sat Dec 20 03:55:17 UTC 2025
Changes made at Sat Dec 20 13:37:02 UTC 2025
Changes made at Sat Dec 20 14:31:44 UTC 2025
Changes made at Sat Dec 20 18:40:00 UTC 2025
Changes made at Sun Dec 21 04:07:19 UTC 2025
Changes made at Sun Dec 21 13:38:17 UTC 2025
Changes made at Sun Dec 21 14:32:31 UTC 2025
Changes made at Sun Dec 21 18:42:36 UTC 2025
Changes made at Mon Dec 22 04:11:36 UTC 2025
Changes made at Mon Dec 22 13:46:13 UTC 2025
Changes made at Mon Dec 22 14:35:53 UTC 2025
Changes made at Mon Dec 22 18:46:16 UTC 2025
Changes made at Tue Dec 23 04:06:57 UTC 2025
Changes made at Tue Dec 23 13:47:36 UTC 2025
Changes made at Tue Dec 23 14:36:49 UTC 2025
Changes made at Tue Dec 23 18:46:52 UTC 2025
Changes made at Wed Dec 24 04:04:24 UTC 2025
Changes made at Wed Dec 24 13:43:49 UTC 2025
Changes made at Wed Dec 24 14:34:21 UTC 2025
Changes made at Wed Dec 24 18:44:59 UTC 2025
Changes made at Thu Dec 25 04:06:51 UTC 2025
Changes made at Thu Dec 25 13:44:14 UTC 2025
Changes made at Thu Dec 25 14:34:23 UTC 2025
Changes made at Thu Dec 25 18:44:49 UTC 2025
Changes made at Fri Dec 26 04:04:16 UTC 2025
Changes made at Fri Dec 26 13:44:34 UTC 2025
Changes made at Fri Dec 26 14:34:59 UTC 2025
Changes made at Fri Dec 26 18:44:42 UTC 2025
Changes made at Sat Dec 27 04:02:26 UTC 2025
Changes made at Sat Dec 27 13:39:05 UTC 2025
Changes made at Sat Dec 27 14:32:49 UTC 2025
Changes made at Sat Dec 27 18:43:29 UTC 2025
Changes made at Sun Dec 28 04:15:34 UTC 2025
Changes made at Sun Dec 28 13:40:48 UTC 2025
Changes made at Sun Dec 28 14:33:53 UTC 2025
Changes made at Sun Dec 28 18:44:47 UTC 2025
Changes made at Mon Dec 29 04:17:52 UTC 2025
Changes made at Mon Dec 29 13:48:50 UTC 2025
Changes made at Mon Dec 29 14:38:15 UTC 2025
Changes made at Mon Dec 29 18:46:02 UTC 2025
Changes made at Tue Dec 30 04:08:17 UTC 2025
Changes made at Tue Dec 30 13:48:29 UTC 2025
Changes made at Tue Dec 30 14:37:07 UTC 2025
Changes made at Tue Dec 30 18:47:43 UTC 2025
Changes made at Wed Dec 31 04:07:02 UTC 2025
Changes made at Wed Dec 31 13:44:48 UTC 2025
Changes made at Wed Dec 31 14:35:11 UTC 2025
Changes made at Wed Dec 31 18:45:22 UTC 2025
Changes made at Thu Jan  1 04:17:14 UTC 2026
Changes made at Thu Jan  1 13:45:17 UTC 2026
Changes made at Thu Jan  1 14:35:05 UTC 2026
Changes made at Thu Jan  1 18:45:44 UTC 2026
Changes made at Fri Jan  2 04:10:28 UTC 2026
Changes made at Fri Jan  2 13:44:52 UTC 2026
Changes made at Fri Jan  2 14:36:08 UTC 2026
Changes made at Fri Jan  2 18:45:22 UTC 2026
Changes made at Sat Jan  3 04:01:54 UTC 2026
Changes made at Sat Jan  3 13:40:13 UTC 2026
Changes made at Sat Jan  3 14:33:35 UTC 2026
Changes made at Sat Jan  3 18:44:11 UTC 2026
Changes made at Sun Jan  4 04:18:47 UTC 2026
Changes made at Sun Jan  4 13:40:54 UTC 2026
Changes made at Sun Jan  4 14:32:53 UTC 2026
Changes made at Sun Jan  4 18:44:03 UTC 2026
Changes made at Mon Jan  5 04:33:49 UTC 2026
Changes made at Mon Jan  5 13:51:26 UTC 2026
Changes made at Mon Jan  5 14:43:07 UTC 2026
Changes made at Mon Jan  5 18:49:18 UTC 2026
Changes made at Tue Jan  6 04:08:56 UTC 2026
Changes made at Tue Jan  6 13:49:29 UTC 2026
Changes made at Tue Jan  6 14:40:41 UTC 2026
Changes made at Tue Jan  6 18:47:56 UTC 2026
Changes made at Wed Jan  7 04:09:36 UTC 2026
Changes made at Wed Jan  7 13:50:42 UTC 2026
Changes made at Wed Jan  7 14:42:28 UTC 2026
Changes made at Wed Jan  7 18:50:00 UTC 2026
Changes made at Thu Jan  8 04:09:25 UTC 2026
Changes made at Thu Jan  8 13:51:56 UTC 2026
Changes made at Thu Jan  8 14:44:15 UTC 2026
Changes made at Thu Jan  8 18:46:52 UTC 2026
Changes made at Fri Jan  9 04:09:30 UTC 2026
Changes made at Fri Jan  9 13:49:11 UTC 2026
Changes made at Fri Jan  9 14:42:05 UTC 2026
Changes made at Fri Jan  9 18:48:12 UTC 2026
Changes made at Sat Jan 10 04:03:42 UTC 2026
Changes made at Sat Jan 10 13:40:21 UTC 2026
Changes made at Sat Jan 10 14:33:28 UTC 2026
Changes made at Sat Jan 10 18:44:51 UTC 2026
Changes made at Sun Jan 11 04:17:45 UTC 2026
Changes made at Sun Jan 11 13:41:46 UTC 2026
Changes made at Sun Jan 11 14:33:44 UTC 2026
Changes made at Sun Jan 11 18:44:22 UTC 2026
Changes made at Mon Jan 12 04:18:59 UTC 2026
Changes made at Mon Jan 12 13:52:42 UTC 2026
Changes made at Mon Jan 12 14:46:03 UTC 2026
Changes made at Mon Jan 12 18:49:19 UTC 2026
Changes made at Tue Jan 13 04:09:50 UTC 2026
Changes made at Tue Jan 13 13:51:59 UTC 2026
Changes made at Tue Jan 13 14:44:30 UTC 2026
Changes made at Tue Jan 13 18:48:37 UTC 2026
Changes made at Wed Jan 14 04:16:33 UTC 2026
Changes made at Wed Jan 14 13:51:30 UTC 2026
Changes made at Wed Jan 14 14:43:42 UTC 2026
Changes made at Wed Jan 14 18:50:47 UTC 2026
Changes made at Thu Jan 15 04:11:38 UTC 2026
Changes made at Thu Jan 15 13:51:31 UTC 2026
Changes made at Thu Jan 15 14:42:08 UTC 2026
Changes made at Thu Jan 15 18:54:23 UTC 2026
Changes made at Fri Jan 16 04:09:47 UTC 2026
Changes made at Fri Jan 16 13:49:50 UTC 2026
Changes made at Fri Jan 16 14:41:33 UTC 2026
Changes made at Fri Jan 16 18:49:07 UTC 2026
Changes made at Sat Jan 17 04:02:53 UTC 2026
Changes made at Sat Jan 17 13:39:50 UTC 2026
Changes made at Sat Jan 17 14:33:14 UTC 2026
Changes made at Sat Jan 17 18:43:52 UTC 2026
Changes made at Sun Jan 18 04:13:20 UTC 2026
Changes made at Sun Jan 18 13:40:46 UTC 2026
Changes made at Sun Jan 18 14:33:02 UTC 2026
Changes made at Sun Jan 18 18:43:04 UTC 2026
Changes made at Mon Jan 19 04:19:56 UTC 2026
Changes made at Mon Jan 19 13:53:55 UTC 2026
Changes made at Mon Jan 19 14:46:40 UTC 2026
Changes made at Mon Jan 19 18:49:13 UTC 2026
Changes made at Tue Jan 20 04:14:41 UTC 2026
Changes made at Tue Jan 20 13:55:16 UTC 2026
Changes made at Tue Jan 20 14:50:54 UTC 2026
Changes made at Tue Jan 20 19:13:10 UTC 2026
Changes made at Wed Jan 21 04:14:07 UTC 2026
Changes made at Wed Jan 21 13:55:40 UTC 2026
Changes made at Wed Jan 21 14:50:50 UTC 2026
Changes made at Wed Jan 21 18:59:57 UTC 2026
Changes made at Thu Jan 22 04:17:24 UTC 2026
Changes made at Thu Jan 22 13:55:15 UTC 2026
Changes made at Thu Jan 22 14:49:39 UTC 2026
Changes made at Thu Jan 22 18:52:22 UTC 2026
Changes made at Fri Jan 23 04:12:02 UTC 2026
Changes made at Fri Jan 23 13:52:45 UTC 2026
Changes made at Fri Jan 23 14:43:58 UTC 2026
Changes made at Fri Jan 23 18:51:36 UTC 2026
Changes made at Sat Jan 24 04:05:56 UTC 2026
Changes made at Sat Jan 24 13:42:50 UTC 2026
Changes made at Sat Jan 24 14:34:01 UTC 2026
Changes made at Sat Jan 24 18:45:43 UTC 2026
Changes made at Sun Jan 25 04:30:46 UTC 2026
Changes made at Sun Jan 25 13:44:29 UTC 2026
Changes made at Sun Jan 25 14:34:20 UTC 2026
Changes made at Sun Jan 25 18:46:03 UTC 2026
Changes made at Mon Jan 26 04:33:36 UTC 2026
Changes made at Mon Jan 26 13:53:46 UTC 2026
Changes made at Mon Jan 26 14:47:45 UTC 2026
Changes made at Mon Jan 26 18:53:52 UTC 2026
Changes made at Tue Jan 27 04:15:47 UTC 2026
Changes made at Tue Jan 27 13:56:04 UTC 2026
Changes made at Tue Jan 27 14:51:29 UTC 2026
Changes made at Tue Jan 27 18:57:14 UTC 2026
Changes made at Wed Jan 28 04:13:59 UTC 2026
Changes made at Wed Jan 28 13:56:07 UTC 2026
Changes made at Wed Jan 28 14:50:54 UTC 2026
Changes made at Wed Jan 28 18:53:37 UTC 2026
Changes made at Thu Jan 29 04:48:13 UTC 2026
Changes made at Thu Jan 29 14:04:50 UTC 2026
Changes made at Thu Jan 29 14:58:01 UTC 2026
Changes made at Thu Jan 29 19:03:50 UTC 2026
Changes made at Fri Jan 30 04:50:36 UTC 2026
Changes made at Fri Jan 30 14:01:59 UTC 2026
Changes made at Fri Jan 30 14:54:43 UTC 2026
Changes made at Fri Jan 30 19:01:26 UTC 2026
Changes made at Sat Jan 31 04:43:19 UTC 2026
Changes made at Sat Jan 31 13:50:49 UTC 2026
Changes made at Sat Jan 31 14:42:01 UTC 2026
Changes made at Sat Jan 31 18:50:02 UTC 2026
Changes made at Sun Feb  1 05:08:34 UTC 2026
Changes made at Sun Feb  1 13:52:27 UTC 2026
Changes made at Sun Feb  1 14:44:35 UTC 2026
Changes made at Sun Feb  1 18:53:19 UTC 2026
Changes made at Mon Feb  2 05:06:56 UTC 2026
Changes made at Mon Feb  2 14:06:56 UTC 2026
Changes made at Mon Feb  2 15:00:28 UTC 2026
Changes made at Tue Feb  3 04:57:40 UTC 2026
Changes made at Tue Feb  3 14:09:59 UTC 2026
Changes made at Tue Feb  3 15:04:19 UTC 2026
Changes made at Tue Feb  3 19:13:04 UTC 2026
Changes made at Wed Feb  4 04:50:45 UTC 2026
Changes made at Wed Feb  4 14:08:32 UTC 2026
Changes made at Wed Feb  4 15:00:02 UTC 2026
Changes made at Wed Feb  4 19:07:44 UTC 2026
Changes made at Thu Feb  5 04:58:36 UTC 2026
Changes made at Thu Feb  5 14:10:19 UTC 2026
Changes made at Thu Feb  5 15:04:44 UTC 2026
Changes made at Thu Feb  5 19:06:43 UTC 2026
Changes made at Fri Feb  6 04:57:23 UTC 2026
Changes made at Fri Feb  6 14:07:45 UTC 2026
Changes made at Fri Feb  6 14:59:08 UTC 2026
Changes made at Fri Feb  6 19:07:26 UTC 2026
Changes made at Sat Feb  7 04:47:25 UTC 2026
Changes made at Sat Feb  7 13:52:49 UTC 2026
Changes made at Sat Feb  7 14:44:35 UTC 2026
Changes made at Sat Feb  7 18:53:46 UTC 2026
Changes made at Sun Feb  8 05:10:06 UTC 2026
Changes made at Sun Feb  8 13:53:18 UTC 2026
Changes made at Sun Feb  8 14:47:01 UTC 2026
Changes made at Sun Feb  8 18:55:22 UTC 2026
Changes made at Mon Feb  9 05:12:04 UTC 2026
Changes made at Mon Feb  9 14:18:53 UTC 2026
Changes made at Mon Feb  9 19:40:01 UTC 2026
Changes made at Tue Feb 10 05:13:07 UTC 2026
Changes made at Tue Feb 10 14:38:14 UTC 2026
Changes made at Tue Feb 10 19:31:29 UTC 2026
Changes made at Wed Feb 11 05:12:04 UTC 2026
Changes made at Wed Feb 11 14:19:32 UTC 2026
Changes made at Wed Feb 11 19:19:55 UTC 2026
Changes made at Thu Feb 12 05:07:01 UTC 2026
Changes made at Thu Feb 12 14:15:38 UTC 2026
Changes made at Thu Feb 12 19:20:04 UTC 2026
Changes made at Fri Feb 13 05:02:00 UTC 2026
Changes made at Fri Feb 13 14:07:48 UTC 2026
Changes made at Fri Feb 13 15:00:56 UTC 2026
Changes made at Fri Feb 13 19:09:07 UTC 2026
Changes made at Sat Feb 14 04:51:25 UTC 2026
Changes made at Sat Feb 14 13:53:25 UTC 2026
Changes made at Sat Feb 14 14:45:18 UTC 2026
Changes made at Sat Feb 14 18:53:31 UTC 2026
Changes made at Sun Feb 15 05:02:17 UTC 2026
Changes made at Sun Feb 15 13:52:53 UTC 2026
Changes made at Sun Feb 15 14:45:53 UTC 2026
Changes made at Sun Feb 15 18:55:07 UTC 2026
Changes made at Mon Feb 16 05:10:01 UTC 2026
